HG00096	EUR	GBR	male
HG00097	EUR	GBR	female
HG00099	EUR	GBR	female
HG00100	EUR	GBR	female
HG00101	EUR	GBR	male
HG00102	EUR	GBR	female
HG00103	EUR	GBR	male
HG00105	EUR	GBR	male
HG00106	EUR	GBR	female
HG00107	EUR	GBR	male
HG00108	EUR	GBR	male
HG00109	EUR	GBR	male
HG00110	EUR	GBR	female
HG00111	EUR	GBR	female
HG00112	EUR	GBR	male
HG00113	EUR	GBR	male
HG00114	EUR	GBR	male
HG00115	EUR	GBR	male
HG00116	EUR	GBR	male
HG00117	EUR	GBR	male
HG00118	EUR	GBR	female
HG00119	EUR	GBR	male
HG00120	EUR	GBR	female
HG00121	EUR	GBR	female
HG00122	EUR	GBR	female
HG00123	EUR	GBR	female
HG00125	EUR	GBR	female
HG00126	EUR	GBR	male
HG00127	EUR	GBR	female
HG00128	EUR	GBR	female
HG00129	EUR	GBR	male
HG00130	EUR	GBR	female
HG00131	EUR	GBR	male
HG00132	EUR	GBR	female
HG00133	EUR	GBR	female
HG00136	EUR	GBR	male
HG00137	EUR	GBR	female
HG00138	EUR	GBR	male
HG00139	EUR	GBR	male
HG00140	EUR	GBR	male
HG00141	EUR	GBR	male
HG00142	EUR	GBR	male
HG00143	EUR	GBR	male
HG00145	EUR	GBR	male
HG00146	EUR	GBR	female
HG00148	EUR	GBR	male
HG00149	EUR	GBR	male
HG00150	EUR	GBR	female
HG00151	EUR	GBR	male
HG00154	EUR	GBR	female
HG00155	EUR	GBR	male
HG00157	EUR	GBR	male
HG00158	EUR	GBR	female
HG00159	EUR	GBR	male
HG00160	EUR	GBR	male
HG00171	EUR	FIN	female
HG00173	EUR	FIN	female
HG00174	EUR	FIN	female
HG00176	EUR	FIN	female
HG00177	EUR	FIN	female
HG00178	EUR	FIN	female
HG00179	EUR	FIN	female
HG00180	EUR	FIN	female
HG00181	EUR	FIN	male
HG00182	EUR	FIN	male
HG00183	EUR	FIN	male
HG00185	EUR	FIN	male
HG00186	EUR	FIN	male
HG00187	EUR	FIN	male
HG00188	EUR	FIN	male
HG00189	EUR	FIN	male
HG00190	EUR	FIN	male
HG00231	EUR	GBR	female
HG00232	EUR	GBR	female
HG00233	EUR	GBR	female
HG00234	EUR	GBR	male
HG00235	EUR	GBR	female
HG00236	EUR	GBR	female
HG00237	EUR	GBR	female
HG00238	EUR	GBR	female
HG00239	EUR	GBR	female
HG00240	EUR	GBR	female
HG00242	EUR	GBR	male
HG00243	EUR	GBR	male
HG00244	EUR	GBR	male
HG00245	EUR	GBR	female
HG00246	EUR	GBR	male
HG00250	EUR	GBR	female
HG00251	EUR	GBR	male
HG00252	EUR	GBR	male
HG00253	EUR	GBR	female
HG00254	EUR	GBR	female
HG00255	EUR	GBR	female
HG00256	EUR	GBR	male
HG00257	EUR	GBR	female
HG00258	EUR	GBR	female
HG00259	EUR	GBR	female
HG00260	EUR	GBR	male
HG00261	EUR	GBR	female
HG00262	EUR	GBR	female
HG00263	EUR	GBR	female
HG00264	EUR	GBR	male
HG00265	EUR	GBR	male
HG00266	EUR	FIN	female
HG00267	EUR	FIN	male
HG00268	EUR	FIN	female
HG00269	EUR	FIN	female
HG00271	EUR	FIN	male
HG00272	EUR	FIN	female
HG00273	EUR	FIN	male
HG00274	EUR	FIN	female
HG00275	EUR	FIN	female
HG00276	EUR	FIN	female
HG00277	EUR	FIN	male
HG00278	EUR	FIN	male
HG00280	EUR	FIN	male
HG00281	EUR	FIN	female
HG00282	EUR	FIN	female
HG00284	EUR	FIN	male
HG00285	EUR	FIN	female
HG00288	EUR	FIN	female
HG00290	EUR	FIN	male
HG00304	EUR	FIN	female
HG00306	EUR	FIN	female
HG00308	EUR	FIN	male
HG00309	EUR	FIN	female
HG00310	EUR	FIN	male
HG00311	EUR	FIN	male
HG00313	EUR	FIN	female
HG00315	EUR	FIN	female
HG00318	EUR	FIN	female
HG00319	EUR	FIN	female
HG00320	EUR	FIN	female
HG00321	EUR	FIN	male
HG00323	EUR	FIN	female
HG00324	EUR	FIN	female
HG00325	EUR	FIN	male
HG00326	EUR	FIN	female
HG00327	EUR	FIN	female
HG00328	EUR	FIN	female
HG00329	EUR	FIN	male
HG00330	EUR	FIN	female
HG00331	EUR	FIN	female
HG00332	EUR	FIN	female
HG00334	EUR	FIN	female
HG00335	EUR	FIN	male
HG00336	EUR	FIN	male
HG00337	EUR	FIN	female
HG00338	EUR	FIN	male
HG00339	EUR	FIN	female
HG00341	EUR	FIN	male
HG00342	EUR	FIN	male
HG00343	EUR	FIN	female
HG00344	EUR	FIN	female
HG00345	EUR	FIN	male
HG00346	EUR	FIN	female
HG00349	EUR	FIN	female
HG00350	EUR	FIN	female
HG00351	EUR	FIN	male
HG00353	EUR	FIN	female
HG00355	EUR	FIN	female
HG00356	EUR	FIN	female
HG00357	EUR	FIN	female
HG00358	EUR	FIN	male
HG00360	EUR	FIN	male
HG00361	EUR	FIN	female
HG00362	EUR	FIN	female
HG00364	EUR	FIN	female
HG00365	EUR	FIN	female
HG00366	EUR	FIN	male
HG00367	EUR	FIN	female
HG00368	EUR	FIN	female
HG00369	EUR	FIN	male
HG00371	EUR	FIN	male
HG00372	EUR	FIN	male
HG00373	EUR	FIN	female
HG00375	EUR	FIN	male
HG00376	EUR	FIN	female
HG00378	EUR	FIN	female
HG00379	EUR	FIN	female
HG00380	EUR	FIN	female
HG00381	EUR	FIN	female
HG00382	EUR	FIN	male
HG00383	EUR	FIN	female
HG00384	EUR	FIN	female
HG00403	EAS	CHS	male
HG00404	EAS	CHS	female
HG00406	EAS	CHS	male
HG00407	EAS	CHS	female
HG00409	EAS	CHS	male
HG00410	EAS	CHS	female
HG00419	EAS	CHS	female
HG00421	EAS	CHS	male
HG00422	EAS	CHS	female
HG00428	EAS	CHS	female
HG00436	EAS	CHS	male
HG00437	EAS	CHS	female
HG00442	EAS	CHS	male
HG00443	EAS	CHS	female
HG00445	EAS	CHS	male
HG00446	EAS	CHS	female
HG00448	EAS	CHS	male
HG00449	EAS	CHS	female
HG00451	EAS	CHS	male
HG00452	EAS	CHS	female
HG00457	EAS	CHS	male
HG00458	EAS	CHS	female
HG00463	EAS	CHS	male
HG00464	EAS	CHS	female
HG00472	EAS	CHS	male
HG00473	EAS	CHS	female
HG00475	EAS	CHS	male
HG00476	EAS	CHS	female
HG00478	EAS	CHS	male
HG00479	EAS	CHS	female
HG00500	EAS	CHS	male
HG00513	EAS	CHS	female
HG00524	EAS	CHS	male
HG00525	EAS	CHS	female
HG00530	EAS	CHS	male
HG00531	EAS	CHS	female
HG00533	EAS	CHS	male
HG00534	EAS	CHS	female
HG00536	EAS	CHS	male
HG00537	EAS	CHS	female
HG00542	EAS	CHS	male
HG00543	EAS	CHS	female
HG00551	AMR	PUR	female
HG00553	AMR	PUR	male
HG00554	AMR	PUR	female
HG00556	EAS	CHS	male
HG00557	EAS	CHS	female
HG00559	EAS	CHS	male
HG00560	EAS	CHS	female
HG00565	EAS	CHS	male
HG00566	EAS	CHS	female
HG00580	EAS	CHS	male
HG00581	EAS	CHS	female
HG00583	EAS	CHS	male
HG00584	EAS	CHS	female
HG00589	EAS	CHS	male
HG00590	EAS	CHS	female
HG00592	EAS	CHS	male
HG00593	EAS	CHS	female
HG00595	EAS	CHS	male
HG00596	EAS	CHS	female
HG00598	EAS	CHS	male
HG00599	EAS	CHS	female
HG00607	EAS	CHS	male
HG00608	EAS	CHS	female
HG00610	EAS	CHS	male
HG00611	EAS	CHS	female
HG00613	EAS	CHS	male
HG00614	EAS	CHS	female
HG00619	EAS	CHS	male
HG00620	EAS	CHS	female
HG00622	EAS	CHS	male
HG00623	EAS	CHS	female
HG00625	EAS	CHS	male
HG00626	EAS	CHS	female
HG00628	EAS	CHS	male
HG00629	EAS	CHS	female
HG00631	EAS	CHS	male
HG00632	EAS	CHS	female
HG00634	EAS	CHS	male
HG00637	AMR	PUR	male
HG00638	AMR	PUR	female
HG00640	AMR	PUR	male
HG00641	AMR	PUR	female
HG00650	EAS	CHS	male
HG00651	EAS	CHS	female
HG00653	EAS	CHS	male
HG00654	EAS	CHS	female
HG00656	EAS	CHS	male
HG00657	EAS	CHS	female
HG00662	EAS	CHS	male
HG00663	EAS	CHS	female
HG00671	EAS	CHS	male
HG00672	EAS	CHS	female
HG00674	EAS	CHS	male
HG00675	EAS	CHS	female
HG00683	EAS	CHS	male
HG00684	EAS	CHS	female
HG00689	EAS	CHS	male
HG00690	EAS	CHS	female
HG00692	EAS	CHS	male
HG00693	EAS	CHS	female
HG00698	EAS	CHS	male
HG00699	EAS	CHS	female
HG00701	EAS	CHS	male
HG00704	EAS	CHS	male
HG00705	EAS	CHS	female
HG00707	EAS	CHS	male
HG00708	EAS	CHS	female
HG00717	EAS	CHS	female
HG00728	EAS	CHS	male
HG00729	EAS	CHS	female
HG00731	AMR	PUR	male
HG00732	AMR	PUR	female
HG00734	AMR	PUR	female
HG00736	AMR	PUR	male
HG00737	AMR	PUR	female
HG00739	AMR	PUR	male
HG00740	AMR	PUR	female
HG00742	AMR	PUR	male
HG00743	AMR	PUR	female
HG00759	EAS	CDX	female
HG00766	EAS	CDX	female
HG00844	EAS	CDX	male
HG00851	EAS	CDX	female
HG00864	EAS	CDX	female
HG00867	EAS	CDX	female
HG00879	EAS	CDX	female
HG00881	EAS	CDX	male
HG00956	EAS	CDX	female
HG00978	EAS	CDX	female
HG00982	EAS	CDX	male
HG01028	EAS	CDX	male
HG01029	EAS	CDX	female
HG01031	EAS	CDX	male
HG01046	EAS	CDX	female
HG01047	AMR	PUR	male
HG01048	AMR	PUR	male
HG01049	AMR	PUR	female
HG01051	AMR	PUR	male
HG01052	AMR	PUR	female
HG01054	AMR	PUR	male
HG01055	AMR	PUR	female
HG01058	AMR	PUR	female
HG01060	AMR	PUR	male
HG01061	AMR	PUR	female
HG01063	AMR	PUR	male
HG01064	AMR	PUR	female
HG01066	AMR	PUR	male
HG01067	AMR	PUR	female
HG01069	AMR	PUR	male
HG01070	AMR	PUR	female
HG01072	AMR	PUR	male
HG01073	AMR	PUR	female
HG01075	AMR	PUR	male
HG01077	AMR	PUR	female
HG01079	AMR	PUR	male
HG01080	AMR	PUR	female
HG01082	AMR	PUR	male
HG01083	AMR	PUR	female
HG01085	AMR	PUR	male
HG01086	AMR	PUR	female
HG01088	AMR	PUR	male
HG01089	AMR	PUR	female
HG01092	AMR	PUR	female
HG01094	AMR	PUR	male
HG01095	AMR	PUR	female
HG01097	AMR	PUR	male
HG01098	AMR	PUR	female
HG01101	AMR	PUR	male
HG01102	AMR	PUR	female
HG01104	AMR	PUR	male
HG01105	AMR	PUR	female
HG01107	AMR	PUR	male
HG01108	AMR	PUR	female
HG01110	AMR	PUR	male
HG01111	AMR	PUR	female
HG01112	AMR	CLM	male
HG01113	AMR	CLM	female
HG01119	AMR	CLM	female
HG01121	AMR	CLM	male
HG01122	AMR	CLM	female
HG01124	AMR	CLM	male
HG01125	AMR	CLM	female
HG01130	AMR	CLM	male
HG01131	AMR	CLM	female
HG01133	AMR	CLM	male
HG01134	AMR	CLM	female
HG01136	AMR	CLM	male
HG01137	AMR	CLM	female
HG01139	AMR	CLM	male
HG01140	AMR	CLM	female
HG01142	AMR	CLM	male
HG01148	AMR	CLM	male
HG01149	AMR	CLM	female
HG01161	AMR	PUR	male
HG01162	AMR	PUR	female
HG01164	AMR	PUR	male
HG01167	AMR	PUR	male
HG01168	AMR	PUR	female
HG01170	AMR	PUR	male
HG01171	AMR	PUR	female
HG01173	AMR	PUR	male
HG01174	AMR	PUR	female
HG01176	AMR	PUR	male
HG01177	AMR	PUR	female
HG01182	AMR	PUR	male
HG01183	AMR	PUR	female
HG01187	AMR	PUR	male
HG01188	AMR	PUR	female
HG01190	AMR	PUR	male
HG01191	AMR	PUR	female
HG01197	AMR	PUR	male
HG01198	AMR	PUR	female
HG01200	AMR	PUR	male
HG01204	AMR	PUR	male
HG01205	AMR	PUR	female
HG01241	AMR	PUR	male
HG01242	AMR	PUR	female
HG01247	AMR	PUR	male
HG01248	AMR	PUR	female
HG01250	AMR	CLM	male
HG01251	AMR	CLM	female
HG01253	AMR	CLM	male
HG01254	AMR	CLM	female
HG01256	AMR	CLM	male
HG01257	AMR	CLM	female
HG01259	AMR	CLM	male
HG01260	AMR	CLM	female
HG01269	AMR	CLM	female
HG01271	AMR	CLM	male
HG01272	AMR	CLM	female
HG01275	AMR	CLM	female
HG01277	AMR	CLM	male
HG01280	AMR	CLM	male
HG01281	AMR	CLM	female
HG01284	AMR	CLM	female
HG01286	AMR	PUR	male
HG01302	AMR	PUR	male
HG01303	AMR	PUR	female
HG01305	AMR	PUR	male
HG01308	AMR	PUR	male
HG01311	AMR	PUR	male
HG01312	AMR	PUR	female
HG01323	AMR	PUR	female
HG01325	AMR	PUR	male
HG01326	AMR	PUR	female
HG01334	EUR	GBR	male
HG01341	AMR	CLM	male
HG01342	AMR	CLM	female
HG01344	AMR	CLM	male
HG01345	AMR	CLM	female
HG01348	AMR	CLM	female
HG01350	AMR	CLM	male
HG01351	AMR	CLM	female
HG01353	AMR	CLM	male
HG01354	AMR	CLM	female
HG01356	AMR	CLM	male
HG01357	AMR	CLM	female
HG01359	AMR	CLM	male
HG01360	AMR	CLM	female
HG01362	AMR	CLM	male
HG01363	AMR	CLM	female
HG01365	AMR	CLM	male
HG01366	AMR	CLM	female
HG01369	AMR	CLM	female
HG01372	AMR	CLM	female
HG01374	AMR	CLM	male
HG01375	AMR	CLM	female
HG01377	AMR	CLM	male
HG01378	AMR	CLM	female
HG01383	AMR	CLM	male
HG01384	AMR	CLM	female
HG01389	AMR	CLM	male
HG01390	AMR	CLM	female
HG01392	AMR	PUR	male
HG01393	AMR	PUR	female
HG01395	AMR	PUR	male
HG01396	AMR	PUR	female
HG01398	AMR	PUR	male
HG01402	AMR	PUR	male
HG01403	AMR	PUR	female
HG01405	AMR	PUR	male
HG01412	AMR	PUR	male
HG01413	AMR	PUR	male
HG01414	AMR	PUR	female
HG01431	AMR	CLM	male
HG01432	AMR	CLM	female
HG01435	AMR	CLM	female
HG01437	AMR	CLM	male
HG01438	AMR	CLM	female
HG01440	AMR	CLM	male
HG01441	AMR	CLM	female
HG01443	AMR	CLM	male
HG01444	AMR	CLM	female
HG01447	AMR	CLM	female
HG01455	AMR	CLM	male
HG01456	AMR	CLM	female
HG01459	AMR	CLM	female
HG01461	AMR	CLM	male
HG01462	AMR	CLM	female
HG01464	AMR	CLM	male
HG01465	AMR	CLM	female
HG01468	AMR	CLM	female
HG01474	AMR	CLM	female
HG01479	AMR	CLM	male
HG01485	AMR	CLM	male
HG01486	AMR	CLM	female
HG01488	AMR	CLM	male
HG01489	AMR	CLM	female
HG01491	AMR	CLM	male
HG01492	AMR	CLM	female
HG01494	AMR	CLM	male
HG01495	AMR	CLM	female
HG01497	AMR	CLM	male
HG01498	AMR	CLM	female
HG01500	EUR	IBS	male
HG01501	EUR	IBS	female
HG01503	EUR	IBS	male
HG01504	EUR	IBS	female
HG01506	EUR	IBS	male
HG01507	EUR	IBS	female
HG01509	EUR	IBS	male
HG01510	EUR	IBS	female
HG01512	EUR	IBS	male
HG01513	EUR	IBS	female
HG01515	EUR	IBS	male
HG01516	EUR	IBS	female
HG01518	EUR	IBS	male
HG01519	EUR	IBS	female
HG01521	EUR	IBS	male
HG01522	EUR	IBS	female
HG01524	EUR	IBS	male
HG01525	EUR	IBS	female
HG01527	EUR	IBS	male
HG01528	EUR	IBS	female
HG01530	EUR	IBS	male
HG01531	EUR	IBS	female
HG01536	EUR	IBS	male
HG01537	EUR	IBS	female
HG01550	AMR	CLM	male
HG01551	AMR	CLM	female
HG01556	AMR	CLM	male
HG01565	AMR	PEL	male
HG01566	AMR	PEL	female
HG01571	AMR	PEL	male
HG01572	AMR	PEL	female
HG01577	AMR	PEL	male
HG01578	AMR	PEL	female
HG01583	SAS	PJL	male
HG01586	SAS	PJL	male
HG01589	SAS	PJL	male
HG01593	SAS	PJL	female
HG01595	EAS	KHV	female
HG01596	EAS	KHV	male
HG01597	EAS	KHV	female
HG01598	EAS	KHV	female
HG01599	EAS	KHV	female
HG01600	EAS	KHV	female
HG01602	EUR	IBS	female
HG01603	EUR	IBS	male
HG01605	EUR	IBS	female
HG01606	EUR	IBS	male
HG01607	EUR	IBS	female
HG01608	EUR	IBS	male
HG01610	EUR	IBS	male
HG01612	EUR	IBS	female
HG01613	EUR	IBS	female
HG01615	EUR	IBS	male
HG01617	EUR	IBS	male
HG01618	EUR	IBS	female
HG01619	EUR	IBS	male
HG01620	EUR	IBS	female
HG01623	EUR	IBS	female
HG01624	EUR	IBS	male
HG01625	EUR	IBS	male
HG01626	EUR	IBS	female
HG01628	EUR	IBS	female
HG01630	EUR	IBS	male
HG01631	EUR	IBS	male
HG01632	EUR	IBS	female
HG01668	EUR	IBS	female
HG01669	EUR	IBS	male
HG01670	EUR	IBS	female
HG01672	EUR	IBS	male
HG01673	EUR	IBS	female
HG01675	EUR	IBS	male
HG01676	EUR	IBS	female
HG01678	EUR	IBS	male
HG01679	EUR	IBS	female
HG01680	EUR	IBS	male
HG01682	EUR	IBS	male
HG01684	EUR	IBS	female
HG01685	EUR	IBS	female
HG01686	EUR	IBS	male
HG01694	EUR	IBS	male
HG01695	EUR	IBS	female
HG01697	EUR	IBS	female
HG01699	EUR	IBS	male
HG01700	EUR	IBS	male
HG01702	EUR	IBS	female
HG01704	EUR	IBS	female
HG01705	EUR	IBS	male
HG01707	EUR	IBS	female
HG01708	EUR	IBS	male
HG01709	EUR	IBS	male
HG01710	EUR	IBS	female
HG01746	EUR	IBS	female
HG01747	EUR	IBS	male
HG01756	EUR	IBS	male
HG01757	EUR	IBS	female
HG01761	EUR	IBS	male
HG01762	EUR	IBS	female
HG01765	EUR	IBS	male
HG01766	EUR	IBS	female
HG01767	EUR	IBS	male
HG01768	EUR	IBS	female
HG01770	EUR	IBS	female
HG01771	EUR	IBS	male
HG01773	EUR	IBS	female
HG01775	EUR	IBS	male
HG01776	EUR	IBS	female
HG01777	EUR	IBS	male
HG01779	EUR	IBS	female
HG01781	EUR	IBS	male
HG01783	EUR	IBS	male
HG01784	EUR	IBS	female
HG01785	EUR	IBS	male
HG01786	EUR	IBS	female
HG01789	EUR	GBR	male
HG01790	EUR	GBR	female
HG01791	EUR	GBR	male
HG01794	EAS	CDX	female
HG01795	EAS	CDX	female
HG01796	EAS	CDX	female
HG01797	EAS	CDX	female
HG01798	EAS	CDX	female
HG01799	EAS	CDX	female
HG01800	EAS	CDX	female
HG01801	EAS	CDX	female
HG01802	EAS	CDX	female
HG01804	EAS	CDX	female
HG01805	EAS	CDX	female
HG01806	EAS	CDX	female
HG01807	EAS	CDX	female
HG01808	EAS	CDX	female
HG01809	EAS	CDX	female
HG01810	EAS	CDX	male
HG01811	EAS	CDX	male
HG01812	EAS	CDX	female
HG01813	EAS	CDX	female
HG01815	EAS	CDX	female
HG01816	EAS	CDX	male
HG01817	EAS	CDX	female
HG01840	EAS	KHV	male
HG01841	EAS	KHV	female
HG01842	EAS	KHV	male
HG01843	EAS	KHV	female
HG01844	EAS	KHV	male
HG01845	EAS	KHV	female
HG01846	EAS	KHV	male
HG01847	EAS	KHV	female
HG01848	EAS	KHV	female
HG01849	EAS	KHV	male
HG01850	EAS	KHV	female
HG01851	EAS	KHV	female
HG01852	EAS	KHV	male
HG01853	EAS	KHV	female
HG01855	EAS	KHV	female
HG01857	EAS	KHV	female
HG01858	EAS	KHV	female
HG01859	EAS	KHV	female
HG01860	EAS	KHV	male
HG01861	EAS	KHV	male
HG01862	EAS	KHV	female
HG01863	EAS	KHV	female
HG01864	EAS	KHV	male
HG01865	EAS	KHV	male
HG01866	EAS	KHV	male
HG01867	EAS	KHV	male
HG01868	EAS	KHV	female
HG01869	EAS	KHV	female
HG01870	EAS	KHV	female
HG01871	EAS	KHV	female
HG01872	EAS	KHV	male
HG01873	EAS	KHV	male
HG01874	EAS	KHV	female
HG01878	EAS	KHV	female
HG01879	AFR	ACB	male
HG01880	AFR	ACB	female
HG01882	AFR	ACB	male
HG01883	AFR	ACB	female
HG01885	AFR	ACB	male
HG01886	AFR	ACB	female
HG01889	AFR	ACB	female
HG01890	AFR	ACB	male
HG01892	AMR	PEL	male
HG01893	AMR	PEL	female
HG01894	AFR	ACB	female
HG01896	AFR	ACB	female
HG01912	AFR	ACB	male
HG01914	AFR	ACB	male
HG01915	AFR	ACB	female
HG01917	AMR	PEL	male
HG01918	AMR	PEL	female
HG01920	AMR	PEL	male
HG01921	AMR	PEL	female
HG01923	AMR	PEL	male
HG01924	AMR	PEL	female
HG01926	AMR	PEL	male
HG01927	AMR	PEL	female
HG01932	AMR	PEL	male
HG01933	AMR	PEL	female
HG01935	AMR	PEL	male
HG01936	AMR	PEL	female
HG01938	AMR	PEL	male
HG01939	AMR	PEL	female
HG01941	AMR	PEL	male
HG01942	AMR	PEL	female
HG01944	AMR	PEL	male
HG01945	AMR	PEL	female
HG01947	AMR	PEL	male
HG01948	AMR	PEL	female
HG01950	AMR	PEL	male
HG01951	AMR	PEL	female
HG01953	AMR	PEL	male
HG01954	AMR	PEL	female
HG01956	AFR	ACB	female
HG01958	AFR	ACB	female
HG01961	AMR	PEL	male
HG01965	AMR	PEL	female
HG01967	AMR	PEL	male
HG01968	AMR	PEL	female
HG01970	AMR	PEL	male
HG01971	AMR	PEL	female
HG01973	AMR	PEL	female
HG01974	AMR	PEL	male
HG01976	AMR	PEL	female
HG01977	AMR	PEL	male
HG01979	AMR	PEL	male
HG01980	AMR	PEL	female
HG01982	AMR	PEL	male
HG01985	AFR	ACB	female
HG01986	AFR	ACB	male
HG01988	AFR	ACB	male
HG01989	AFR	ACB	female
HG01990	AFR	ACB	male
HG01991	AMR	PEL	male
HG01992	AMR	PEL	female
HG01997	AMR	PEL	female
HG02002	AMR	PEL	male
HG02003	AMR	PEL	female
HG02006	AMR	PEL	female
HG02008	AMR	PEL	male
HG02009	AFR	ACB	male
HG02010	AFR	ACB	female
HG02012	AFR	ACB	female
HG02013	AFR	ACB	male
HG02014	AFR	ACB	male
HG02016	EAS	KHV	female
HG02017	EAS	KHV	male
HG02019	EAS	KHV	female
HG02020	EAS	KHV	male
HG02023	EAS	KHV	male
HG02025	EAS	KHV	female
HG02026	EAS	KHV	male
HG02028	EAS	KHV	female
HG02029	EAS	KHV	male
HG02031	EAS	KHV	female
HG02032	EAS	KHV	male
HG02035	EAS	KHV	male
HG02040	EAS	KHV	male
HG02047	EAS	KHV	male
HG02048	EAS	KHV	female
HG02049	EAS	KHV	female
HG02050	EAS	KHV	male
HG02051	AFR	ACB	male
HG02052	AFR	ACB	female
HG02053	AFR	ACB	male
HG02054	AFR	ACB	female
HG02057	EAS	KHV	female
HG02058	EAS	KHV	male
HG02060	EAS	KHV	female
HG02061	EAS	KHV	male
HG02064	EAS	KHV	male
HG02067	EAS	KHV	male
HG02069	EAS	KHV	female
HG02070	EAS	KHV	male
HG02072	EAS	KHV	female
HG02073	EAS	KHV	male
HG02075	EAS	KHV	female
HG02076	EAS	KHV	male
HG02078	EAS	KHV	female
HG02079	EAS	KHV	male
HG02081	EAS	KHV	female
HG02082	EAS	KHV	male
HG02084	EAS	KHV	female
HG02085	EAS	KHV	male
HG02086	EAS	KHV	female
HG02087	EAS	KHV	female
HG02088	EAS	KHV	male
HG02089	AMR	PEL	female
HG02090	AMR	PEL	male
HG02095	AFR	ACB	female
HG02102	AMR	PEL	female
HG02104	AMR	PEL	male
HG02105	AMR	PEL	female
HG02107	AFR	ACB	male
HG02108	AFR	ACB	female
HG02111	AFR	ACB	female
HG02113	EAS	KHV	female
HG02116	EAS	KHV	male
HG02121	EAS	KHV	female
HG02122	EAS	KHV	male
HG02127	EAS	KHV	female
HG02128	EAS	KHV	male
HG02130	EAS	KHV	female
HG02131	EAS	KHV	male
HG02133	EAS	KHV	female
HG02134	EAS	KHV	male
HG02136	EAS	KHV	female
HG02137	EAS	KHV	male
HG02138	EAS	KHV	male
HG02139	EAS	KHV	female
HG02140	EAS	KHV	female
HG02141	EAS	KHV	male
HG02142	EAS	KHV	female
HG02143	AFR	ACB	male
HG02144	AFR	ACB	female
HG02146	AMR	PEL	male
HG02147	AMR	PEL	female
HG02150	AMR	PEL	male
HG02151	EAS	CDX	female
HG02152	EAS	CDX	female
HG02153	EAS	CDX	female
HG02154	EAS	CDX	female
HG02155	EAS	CDX	female
HG02156	EAS	CDX	female
HG02164	EAS	CDX	female
HG02165	EAS	CDX	female
HG02166	EAS	CDX	female
HG02178	EAS	CDX	female
HG02179	EAS	CDX	female
HG02180	EAS	CDX	female
HG02181	EAS	CDX	female
HG02182	EAS	CDX	female
HG02184	EAS	CDX	female
HG02185	EAS	CDX	female
HG02186	EAS	CDX	female
HG02187	EAS	CDX	female
HG02188	EAS	CDX	female
HG02190	EAS	CDX	female
HG02215	EUR	GBR	female
HG02219	EUR	IBS	male
HG02220	EUR	IBS	female
HG02221	EUR	IBS	male
HG02223	EUR	IBS	female
HG02224	EUR	IBS	male
HG02230	EUR	IBS	female
HG02231	EUR	IBS	male
HG02232	EUR	IBS	female
HG02233	EUR	IBS	male
HG02235	EUR	IBS	female
HG02236	EUR	IBS	male
HG02238	EUR	IBS	male
HG02239	EUR	IBS	female
HG02250	EAS	CDX	male
HG02252	AMR	PEL	female
HG02253	AMR	PEL	male
HG02255	AFR	ACB	male
HG02256	AFR	ACB	female
HG02259	AMR	PEL	male
HG02260	AMR	PEL	female
HG02262	AMR	PEL	male
HG02265	AMR	PEL	male
HG02266	AMR	PEL	female
HG02271	AMR	PEL	male
HG02272	AMR	PEL	female
HG02274	AMR	PEL	male
HG02275	AMR	PEL	female
HG02277	AMR	PEL	male
HG02278	AMR	PEL	female
HG02281	AFR	ACB	male
HG02282	AFR	ACB	female
HG02283	AFR	ACB	male
HG02284	AFR	ACB	male
HG02285	AMR	PEL	male
HG02286	AMR	PEL	female
HG02291	AMR	PEL	male
HG02292	AMR	PEL	female
HG02298	AMR	PEL	female
HG02299	AMR	PEL	male
HG02301	AMR	PEL	female
HG02304	AMR	PEL	male
HG02307	AFR	ACB	male
HG02308	AFR	ACB	female
HG02309	AFR	ACB	female
HG02312	AMR	PEL	female
HG02314	AFR	ACB	male
HG02315	AFR	ACB	female
HG02317	AFR	ACB	male
HG02318	AFR	ACB	female
HG02322	AFR	ACB	female
HG02323	AFR	ACB	male
HG02325	AFR	ACB	female
HG02330	AFR	ACB	male
HG02332	AFR	ACB	male
HG02334	AFR	ACB	male
HG02337	AFR	ACB	female
HG02339	AFR	ACB	female
HG02343	AFR	ACB	male
HG02345	AMR	PEL	female
HG02348	AMR	PEL	female
HG02351	EAS	CDX	male
HG02353	EAS	CDX	male
HG02355	EAS	CDX	male
HG02356	EAS	CDX	male
HG02360	EAS	CDX	male
HG02364	EAS	CDX	male
HG02367	EAS	CDX	male
HG02371	EAS	CDX	male
HG02373	EAS	CDX	male
HG02374	EAS	CDX	male
HG02375	EAS	CDX	male
HG02379	EAS	CDX	male
HG02380	EAS	CDX	male
HG02382	EAS	CDX	male
HG02383	EAS	CDX	male
HG02384	EAS	CDX	male
HG02385	EAS	CDX	male
HG02386	EAS	CDX	male
HG02389	EAS	CDX	male
HG02390	EAS	CDX	male
HG02391	EAS	CDX	male
HG02392	EAS	CDX	male
HG02394	EAS	CDX	male
HG02395	EAS	CDX	male
HG02396	EAS	CDX	male
HG02397	EAS	CDX	male
HG02398	EAS	CDX	male
HG02399	EAS	CDX	male
HG02401	EAS	CDX	male
HG02402	EAS	CDX	male
HG02406	EAS	CDX	male
HG02407	EAS	CDX	male
HG02408	EAS	CDX	male
HG02409	EAS	CDX	male
HG02410	EAS	CDX	male
HG02419	AFR	ACB	female
HG02420	AFR	ACB	male
HG02425	AMR	PEL	female
HG02427	AFR	ACB	female
HG02429	AFR	ACB	male
HG02433	AFR	ACB	male
HG02439	AFR	ACB	male
HG02442	AFR	ACB	male
HG02445	AFR	ACB	male
HG02449	AFR	ACB	male
HG02450	AFR	ACB	female
HG02455	AFR	ACB	male
HG02461	AFR	GWD	male
HG02462	AFR	GWD	female
HG02464	AFR	GWD	male
HG02465	AFR	GWD	female
HG02470	AFR	ACB	male
HG02471	AFR	ACB	female
HG02476	AFR	ACB	female
HG02477	AFR	ACB	female
HG02479	AFR	ACB	female
HG02481	AFR	ACB	male
HG02484	AFR	ACB	male
HG02485	AFR	ACB	female
HG02489	AFR	ACB	male
HG02490	SAS	PJL	male
HG02491	SAS	PJL	female
HG02493	SAS	PJL	male
HG02494	SAS	PJL	female
HG02496	AFR	ACB	male
HG02497	AFR	ACB	female
HG02501	AFR	ACB	male
HG02502	AFR	ACB	female
HG02505	AFR	ACB	female
HG02508	AFR	ACB	female
HG02511	AFR	ACB	female
HG02512	EAS	KHV	male
HG02513	EAS	KHV	female
HG02521	EAS	KHV	male
HG02522	EAS	KHV	female
HG02536	AFR	ACB	male
HG02537	AFR	ACB	female
HG02541	AFR	ACB	male
HG02545	AFR	ACB	male
HG02546	AFR	ACB	female
HG02549	AFR	ACB	female
HG02554	AFR	ACB	male
HG02555	AFR	ACB	female
HG02557	AFR	ACB	male
HG02558	AFR	ACB	female
HG02561	AFR	GWD	male
HG02562	AFR	GWD	female
HG02568	AFR	GWD	female
HG02570	AFR	GWD	male
HG02571	AFR	GWD	female
HG02573	AFR	GWD	male
HG02574	AFR	GWD	female
HG02577	AFR	ACB	female
HG02580	AFR	ACB	female
HG02582	AFR	GWD	male
HG02583	AFR	GWD	female
HG02585	AFR	GWD	male
HG02586	AFR	GWD	female
HG02588	AFR	GWD	male
HG02589	AFR	GWD	female
HG02594	AFR	GWD	male
HG02595	AFR	GWD	female
HG02597	SAS	PJL	male
HG02600	SAS	PJL	male
HG02601	SAS	PJL	female
HG02603	SAS	PJL	male
HG02604	SAS	PJL	female
HG02610	AFR	GWD	male
HG02611	AFR	GWD	female
HG02613	AFR	GWD	male
HG02614	AFR	GWD	female
HG02620	AFR	GWD	male
HG02621	AFR	GWD	female
HG02623	AFR	GWD	male
HG02624	AFR	GWD	female
HG02628	AFR	GWD	male
HG02629	AFR	GWD	female
HG02634	AFR	GWD	male
HG02635	AFR	GWD	female
HG02642	AFR	GWD	male
HG02643	AFR	GWD	female
HG02645	AFR	GWD	male
HG02646	AFR	GWD	female
HG02648	SAS	PJL	male
HG02649	SAS	PJL	female
HG02651	SAS	PJL	male
HG02652	SAS	PJL	female
HG02654	SAS	PJL	male
HG02655	SAS	PJL	female
HG02657	SAS	PJL	male
HG02658	SAS	PJL	female
HG02660	SAS	PJL	male
HG02661	SAS	PJL	female
HG02666	AFR	GWD	male
HG02667	AFR	GWD	female
HG02675	AFR	GWD	male
HG02676	AFR	GWD	female
HG02678	AFR	GWD	male
HG02679	AFR	GWD	female
HG02681	SAS	PJL	male
HG02682	SAS	PJL	female
HG02684	SAS	PJL	male
HG02685	SAS	PJL	female
HG02687	SAS	PJL	male
HG02688	SAS	PJL	female
HG02690	SAS	PJL	male
HG02691	SAS	PJL	female
HG02694	SAS	PJL	female
HG02696	SAS	PJL	male
HG02697	SAS	PJL	female
HG02699	SAS	PJL	male
HG02700	SAS	PJL	female
HG02702	AFR	GWD	male
HG02703	AFR	GWD	female
HG02715	AFR	GWD	male
HG02716	AFR	GWD	female
HG02721	AFR	GWD	male
HG02722	AFR	GWD	female
HG02724	SAS	PJL	male
HG02725	SAS	PJL	female
HG02727	SAS	PJL	male
HG02728	SAS	PJL	female
HG02731	SAS	PJL	female
HG02733	SAS	PJL	male
HG02734	SAS	PJL	female
HG02736	SAS	PJL	male
HG02737	SAS	PJL	female
HG02756	AFR	GWD	male
HG02757	AFR	GWD	female
HG02759	AFR	GWD	male
HG02760	AFR	GWD	female
HG02763	AFR	GWD	female
HG02768	AFR	GWD	male
HG02769	AFR	GWD	female
HG02771	AFR	GWD	male
HG02772	AFR	GWD	female
HG02774	SAS	PJL	male
HG02775	SAS	PJL	female
HG02778	SAS	PJL	female
HG02780	SAS	PJL	male
HG02783	SAS	PJL	male
HG02784	SAS	PJL	female
HG02786	SAS	PJL	male
HG02787	SAS	PJL	female
HG02789	SAS	PJL	male
HG02790	SAS	PJL	female
HG02792	SAS	PJL	male
HG02793	SAS	PJL	female
HG02798	AFR	GWD	male
HG02799	AFR	GWD	female
HG02804	AFR	GWD	male
HG02805	AFR	GWD	female
HG02807	AFR	GWD	male
HG02808	AFR	GWD	female
HG02810	AFR	GWD	male
HG02811	AFR	GWD	female
HG02813	AFR	GWD	male
HG02814	AFR	GWD	female
HG02816	AFR	GWD	male
HG02817	AFR	GWD	female
HG02819	AFR	GWD	male
HG02820	AFR	GWD	female
HG02836	AFR	GWD	male
HG02837	AFR	GWD	female
HG02839	AFR	GWD	male
HG02840	AFR	GWD	female
HG02851	AFR	GWD	male
HG02852	AFR	GWD	female
HG02854	AFR	GWD	male
HG02855	AFR	GWD	female
HG02860	AFR	GWD	male
HG02861	AFR	GWD	female
HG02870	AFR	GWD	female
HG02878	AFR	GWD	male
HG02879	AFR	GWD	female
HG02881	AFR	GWD	male
HG02882	AFR	GWD	female
HG02884	AFR	GWD	male
HG02885	AFR	GWD	female
HG02887	AFR	GWD	male
HG02888	AFR	GWD	female
HG02890	AFR	GWD	male
HG02891	AFR	GWD	female
HG02895	AFR	GWD	male
HG02896	AFR	GWD	female
HG02922	AFR	ESN	female
HG02923	AFR	ESN	male
HG02938	AFR	ESN	male
HG02941	AFR	ESN	male
HG02943	AFR	ESN	female
HG02944	AFR	ESN	male
HG02946	AFR	ESN	female
HG02947	AFR	ESN	male
HG02952	AFR	ESN	female
HG02953	AFR	ESN	male
HG02968	AFR	ESN	male
HG02970	AFR	ESN	female
HG02971	AFR	ESN	male
HG02973	AFR	ESN	male
HG02974	AFR	ESN	female
HG02976	AFR	ESN	female
HG02977	AFR	ESN	male
HG02979	AFR	ESN	female
HG02981	AFR	ESN	male
HG02982	AFR	GWD	male
HG02983	AFR	GWD	female
HG03006	SAS	BEB	male
HG03007	SAS	BEB	female
HG03009	SAS	BEB	male
HG03012	SAS	BEB	male
HG03015	SAS	PJL	male
HG03016	SAS	PJL	female
HG03018	SAS	PJL	male
HG03019	SAS	PJL	female
HG03021	SAS	PJL	male
HG03022	SAS	PJL	female
HG03024	AFR	GWD	male
HG03025	AFR	GWD	female
HG03027	AFR	GWD	male
HG03028	AFR	GWD	female
HG03039	AFR	GWD	male
HG03040	AFR	GWD	female
HG03045	AFR	GWD	male
HG03046	AFR	GWD	female
HG03048	AFR	GWD	male
HG03049	AFR	GWD	female
HG03052	AFR	MSL	female
HG03054	AFR	MSL	male
HG03055	AFR	MSL	female
HG03057	AFR	MSL	male
HG03058	AFR	MSL	female
HG03060	AFR	MSL	male
HG03061	AFR	MSL	female
HG03063	AFR	MSL	male
HG03064	AFR	MSL	female
HG03066	AFR	MSL	male
HG03069	AFR	MSL	male
HG03072	AFR	MSL	male
HG03073	AFR	MSL	female
HG03074	AFR	MSL	male
HG03077	AFR	MSL	male
HG03078	AFR	MSL	male
HG03079	AFR	MSL	female
HG03081	AFR	MSL	male
HG03082	AFR	MSL	female
HG03084	AFR	MSL	male
HG03085	AFR	MSL	female
HG03086	AFR	MSL	female
HG03088	AFR	MSL	female
HG03091	AFR	MSL	female
HG03095	AFR	MSL	female
HG03096	AFR	MSL	male
HG03097	AFR	MSL	female
HG03099	AFR	ESN	female
HG03100	AFR	ESN	male
HG03103	AFR	ESN	male
HG03105	AFR	ESN	female
HG03108	AFR	ESN	female
HG03109	AFR	ESN	male
HG03111	AFR	ESN	female
HG03112	AFR	ESN	male
HG03114	AFR	ESN	female
HG03115	AFR	ESN	male
HG03117	AFR	ESN	female
HG03118	AFR	ESN	male
HG03120	AFR	ESN	male
HG03121	AFR	ESN	female
HG03123	AFR	ESN	female
HG03124	AFR	ESN	male
HG03126	AFR	ESN	female
HG03127	AFR	ESN	male
HG03129	AFR	ESN	female
HG03130	AFR	ESN	male
HG03132	AFR	ESN	female
HG03133	AFR	ESN	male
HG03135	AFR	ESN	female
HG03136	AFR	ESN	male
HG03139	AFR	ESN	male
HG03157	AFR	ESN	male
HG03159	AFR	ESN	female
HG03160	AFR	ESN	male
HG03162	AFR	ESN	female
HG03163	AFR	ESN	male
HG03166	AFR	ESN	male
HG03168	AFR	ESN	female
HG03169	AFR	ESN	male
HG03172	AFR	ESN	male
HG03175	AFR	ESN	male
HG03189	AFR	ESN	female
HG03190	AFR	ESN	male
HG03193	AFR	ESN	male
HG03195	AFR	ESN	female
HG03196	AFR	ESN	male
HG03198	AFR	ESN	female
HG03199	AFR	ESN	male
HG03202	AFR	ESN	male
HG03209	AFR	MSL	male
HG03212	AFR	MSL	female
HG03224	AFR	MSL	male
HG03225	AFR	MSL	male
HG03228	SAS	PJL	male
HG03229	SAS	PJL	female
HG03234	SAS	PJL	male
HG03235	SAS	PJL	female
HG03237	SAS	PJL	male
HG03238	SAS	PJL	female
HG03240	AFR	GWD	male
HG03241	AFR	GWD	female
HG03246	AFR	GWD	male
HG03247	AFR	GWD	female
HG03258	AFR	GWD	male
HG03259	AFR	GWD	female
HG03265	AFR	ESN	male
HG03267	AFR	ESN	female
HG03268	AFR	ESN	male
HG03270	AFR	ESN	female
HG03271	AFR	ESN	male
HG03279	AFR	ESN	female
HG03280	AFR	ESN	male
HG03291	AFR	ESN	female
HG03294	AFR	ESN	female
HG03295	AFR	ESN	male
HG03297	AFR	ESN	female
HG03298	AFR	ESN	male
HG03300	AFR	ESN	female
HG03301	AFR	ESN	male
HG03303	AFR	ESN	female
HG03304	AFR	ESN	male
HG03311	AFR	ESN	male
HG03313	AFR	ESN	male
HG03342	AFR	ESN	female
HG03343	AFR	ESN	male
HG03351	AFR	ESN	female
HG03352	AFR	ESN	male
HG03354	AFR	ESN	female
HG03363	AFR	ESN	female
HG03366	AFR	ESN	female
HG03367	AFR	ESN	male
HG03369	AFR	ESN	female
HG03370	AFR	ESN	male
HG03372	AFR	ESN	female
HG03376	AFR	MSL	male
HG03378	AFR	MSL	female
HG03380	AFR	MSL	female
HG03382	AFR	MSL	male
HG03385	AFR	MSL	male
HG03388	AFR	MSL	male
HG03391	AFR	MSL	male
HG03394	AFR	MSL	male
HG03397	AFR	MSL	male
HG03401	AFR	MSL	female
HG03410	AFR	MSL	female
HG03419	AFR	MSL	female
HG03428	AFR	MSL	female
HG03432	AFR	MSL	male
HG03433	AFR	MSL	male
HG03436	AFR	MSL	male
HG03437	AFR	MSL	female
HG03439	AFR	MSL	male
HG03442	AFR	MSL	male
HG03445	AFR	MSL	male
HG03446	AFR	MSL	female
HG03449	AFR	MSL	female
HG03451	AFR	MSL	male
HG03452	AFR	MSL	female
HG03455	AFR	MSL	female
HG03457	AFR	MSL	male
HG03458	AFR	MSL	female
HG03460	AFR	MSL	male
HG03461	AFR	MSL	female
HG03464	AFR	MSL	female
HG03469	AFR	MSL	male
HG03470	AFR	MSL	female
HG03472	AFR	MSL	male
HG03473	AFR	MSL	female
HG03476	AFR	MSL	female
HG03478	AFR	MSL	male
HG03479	AFR	MSL	female
HG03484	AFR	MSL	male
HG03485	AFR	MSL	female
HG03488	SAS	PJL	female
HG03490	SAS	PJL	male
HG03491	SAS	PJL	female
HG03499	AFR	ESN	female
HG03511	AFR	ESN	female
HG03514	AFR	ESN	female
HG03515	AFR	ESN	male
HG03517	AFR	ESN	female
HG03518	AFR	ESN	male
HG03520	AFR	ESN	female
HG03521	AFR	ESN	male
HG03538	AFR	GWD	male
HG03539	AFR	GWD	female
HG03547	AFR	MSL	male
HG03548	AFR	MSL	female
HG03556	AFR	MSL	male
HG03557	AFR	MSL	female
HG03558	AFR	MSL	female
HG03559	AFR	MSL	male
HG03563	AFR	MSL	female
HG03565	AFR	MSL	male
HG03567	AFR	MSL	female
HG03571	AFR	MSL	male
HG03572	AFR	MSL	female
HG03575	AFR	MSL	female
HG03577	AFR	MSL	male
HG03578	AFR	MSL	female
HG03583	AFR	MSL	female
HG03585	SAS	BEB	male
HG03589	SAS	BEB	female
HG03593	SAS	BEB	male
HG03594	SAS	BEB	male
HG03595	SAS	BEB	female
HG03598	SAS	BEB	female
HG03600	SAS	BEB	male
HG03603	SAS	BEB	male
HG03604	SAS	BEB	female
HG03607	SAS	BEB	female
HG03611	SAS	BEB	female
HG03615	SAS	BEB	male
HG03616	SAS	BEB	female
HG03619	SAS	PJL	female
HG03624	SAS	PJL	male
HG03625	SAS	PJL	female
HG03629	SAS	PJL	male
HG03631	SAS	PJL	female
HG03634	SAS	PJL	female
HG03636	SAS	PJL	male
HG03640	SAS	PJL	female
HG03642	SAS	STU	female
HG03643	SAS	STU	female
HG03644	SAS	STU	male
HG03645	SAS	STU	female
HG03646	SAS	STU	male
HG03649	SAS	PJL	male
HG03652	SAS	PJL	male
HG03653	SAS	PJL	female
HG03660	SAS	PJL	male
HG03663	SAS	PJL	male
HG03667	SAS	PJL	male
HG03668	SAS	PJL	female
HG03672	SAS	STU	male
HG03673	SAS	STU	female
HG03679	SAS	STU	male
HG03680	SAS	STU	male
HG03681	SAS	STU	male
HG03684	SAS	STU	female
HG03685	SAS	STU	male
HG03686	SAS	STU	male
HG03687	SAS	STU	male
HG03689	SAS	STU	female
HG03690	SAS	STU	female
HG03691	SAS	STU	male
HG03692	SAS	STU	female
HG03693	SAS	STU	male
HG03694	SAS	STU	male
HG03695	SAS	STU	male
HG03696	SAS	STU	male
HG03697	SAS	STU	male
HG03698	SAS	STU	female
HG03702	SAS	PJL	male
HG03703	SAS	PJL	female
HG03705	SAS	PJL	male
HG03706	SAS	PJL	female
HG03708	SAS	PJL	male
HG03709	SAS	PJL	female
HG03711	SAS	STU	male
HG03713	SAS	ITU	male
HG03714	SAS	ITU	female
HG03716	SAS	ITU	male
HG03717	SAS	ITU	female
HG03718	SAS	ITU	male
HG03720	SAS	ITU	male
HG03722	SAS	ITU	female
HG03727	SAS	ITU	male
HG03729	SAS	ITU	male
HG03730	SAS	ITU	female
HG03731	SAS	ITU	female
HG03733	SAS	STU	female
HG03736	SAS	STU	female
HG03738	SAS	STU	male
HG03740	SAS	STU	male
HG03741	SAS	STU	female
HG03742	SAS	ITU	male
HG03743	SAS	STU	male
HG03744	SAS	STU	male
HG03745	SAS	STU	male
HG03746	SAS	STU	male
HG03750	SAS	STU	male
HG03752	SAS	STU	female
HG03753	SAS	STU	male
HG03754	SAS	STU	female
HG03755	SAS	STU	male
HG03756	SAS	STU	female
HG03757	SAS	STU	female
HG03760	SAS	STU	female
HG03762	SAS	PJL	female
HG03765	SAS	PJL	female
HG03767	SAS	PJL	male
HG03770	SAS	ITU	female
HG03771	SAS	ITU	male
HG03772	SAS	ITU	female
HG03773	SAS	ITU	male
HG03774	SAS	ITU	female
HG03775	SAS	ITU	male
HG03777	SAS	ITU	male
HG03778	SAS	ITU	male
HG03779	SAS	ITU	male
HG03780	SAS	ITU	female
HG03781	SAS	ITU	female
HG03782	SAS	ITU	female
HG03784	SAS	ITU	female
HG03785	SAS	ITU	male
HG03786	SAS	ITU	male
HG03787	SAS	ITU	female
HG03788	SAS	ITU	male
HG03789	SAS	ITU	female
HG03790	SAS	ITU	male
HG03792	SAS	ITU	male
HG03793	SAS	BEB	female
HG03796	SAS	BEB	female
HG03800	SAS	BEB	male
HG03802	SAS	BEB	female
HG03803	SAS	BEB	male
HG03805	SAS	BEB	female
HG03808	SAS	BEB	female
HG03809	SAS	BEB	male
HG03812	SAS	BEB	male
HG03814	SAS	BEB	female
HG03815	SAS	BEB	male
HG03817	SAS	BEB	female
HG03821	SAS	BEB	male
HG03823	SAS	BEB	female
HG03824	SAS	BEB	male
HG03826	SAS	BEB	female
HG03829	SAS	BEB	female
HG03830	SAS	BEB	male
HG03832	SAS	BEB	female
HG03833	SAS	BEB	male
HG03836	SAS	STU	female
HG03837	SAS	STU	male
HG03838	SAS	STU	female
HG03844	SAS	STU	male
HG03846	SAS	STU	male
HG03848	SAS	STU	male
HG03849	SAS	STU	female
HG03850	SAS	STU	male
HG03851	SAS	STU	male
HG03854	SAS	STU	male
HG03856	SAS	STU	male
HG03857	SAS	STU	female
HG03858	SAS	STU	female
HG03861	SAS	ITU	female
HG03862	SAS	ITU	female
HG03863	SAS	ITU	female
HG03864	SAS	ITU	male
HG03866	SAS	ITU	male
HG03867	SAS	ITU	male
HG03868	SAS	ITU	female
HG03869	SAS	ITU	male
HG03870	SAS	ITU	male
HG03871	SAS	ITU	male
HG03872	SAS	ITU	male
HG03873	SAS	ITU	female
HG03874	SAS	ITU	female
HG03875	SAS	ITU	male
HG03882	SAS	ITU	female
HG03884	SAS	STU	female
HG03885	SAS	STU	male
HG03886	SAS	STU	female
HG03887	SAS	STU	male
HG03888	SAS	STU	female
HG03890	SAS	STU	male
HG03894	SAS	STU	female
HG03895	SAS	STU	female
HG03896	SAS	STU	male
HG03897	SAS	STU	female
HG03898	SAS	STU	female
HG03899	SAS	STU	male
HG03900	SAS	STU	male
HG03902	SAS	BEB	male
HG03905	SAS	BEB	male
HG03907	SAS	BEB	female
HG03908	SAS	BEB	male
HG03910	SAS	BEB	female
HG03911	SAS	BEB	male
HG03913	SAS	BEB	female
HG03914	SAS	BEB	male
HG03916	SAS	BEB	female
HG03917	SAS	BEB	male
HG03919	SAS	BEB	female
HG03920	SAS	BEB	male
HG03922	SAS	BEB	female
HG03925	SAS	BEB	female
HG03926	SAS	BEB	male
HG03928	SAS	BEB	female
HG03931	SAS	BEB	female
HG03934	SAS	BEB	female
HG03937	SAS	BEB	female
HG03940	SAS	BEB	female
HG03941	SAS	BEB	male
HG03943	SAS	STU	male
HG03944	SAS	STU	female
HG03945	SAS	STU	female
HG03947	SAS	STU	female
HG03949	SAS	STU	female
HG03950	SAS	STU	male
HG03951	SAS	STU	female
HG03953	SAS	STU	male
HG03955	SAS	STU	female
HG03960	SAS	ITU	male
HG03963	SAS	ITU	male
HG03965	SAS	ITU	male
HG03967	SAS	ITU	male
HG03968	SAS	ITU	female
HG03969	SAS	ITU	male
HG03971	SAS	ITU	male
HG03973	SAS	ITU	female
HG03974	SAS	ITU	male
HG03976	SAS	ITU	male
HG03977	SAS	ITU	female
HG03978	SAS	ITU	male
HG03985	SAS	STU	male
HG03986	SAS	STU	female
HG03989	SAS	STU	female
HG03990	SAS	STU	male
HG03991	SAS	STU	male
HG03995	SAS	STU	female
HG03998	SAS	STU	male
HG03999	SAS	STU	male
HG04001	SAS	ITU	female
HG04002	SAS	ITU	male
HG04003	SAS	STU	male
HG04006	SAS	STU	male
HG04014	SAS	ITU	female
HG04015	SAS	ITU	male
HG04017	SAS	ITU	male
HG04018	SAS	ITU	female
HG04019	SAS	ITU	male
HG04020	SAS	ITU	male
HG04022	SAS	ITU	male
HG04023	SAS	ITU	male
HG04025	SAS	ITU	female
HG04026	SAS	ITU	female
HG04029	SAS	STU	female
HG04033	SAS	STU	male
HG04035	SAS	STU	female
HG04038	SAS	STU	female
HG04039	SAS	STU	male
HG04042	SAS	STU	female
HG04047	SAS	STU	female
HG04054	SAS	ITU	female
HG04056	SAS	ITU	male
HG04059	SAS	ITU	female
HG04060	SAS	ITU	male
HG04061	SAS	ITU	male
HG04062	SAS	ITU	female
HG04063	SAS	ITU	female
HG04070	SAS	ITU	female
HG04075	SAS	STU	female
HG04076	SAS	ITU	female
HG04080	SAS	ITU	male
HG04090	SAS	ITU	female
HG04093	SAS	ITU	male
HG04094	SAS	ITU	male
HG04096	SAS	ITU	male
HG04098	SAS	ITU	male
HG04099	SAS	STU	female
HG04100	SAS	STU	male
HG04106	SAS	STU	female
HG04107	SAS	STU	male
HG04118	SAS	ITU	female
HG04131	SAS	BEB	male
HG04134	SAS	BEB	male
HG04140	SAS	BEB	male
HG04141	SAS	BEB	female
HG04144	SAS	BEB	female
HG04146	SAS	BEB	male
HG04152	SAS	BEB	male
HG04153	SAS	BEB	female
HG04155	SAS	BEB	male
HG04156	SAS	BEB	female
HG04158	SAS	BEB	male
HG04159	SAS	BEB	female
HG04161	SAS	BEB	male
HG04162	SAS	BEB	female
HG04164	SAS	BEB	male
HG04171	SAS	BEB	female
HG04173	SAS	BEB	male
HG04176	SAS	BEB	male
HG04177	SAS	BEB	female
HG04180	SAS	BEB	female
HG04182	SAS	BEB	male
HG04183	SAS	BEB	female
HG04185	SAS	BEB	male
HG04186	SAS	BEB	female
HG04188	SAS	BEB	male
HG04189	SAS	BEB	female
HG04194	SAS	BEB	male
HG04195	SAS	BEB	female
HG04198	SAS	ITU	male
HG04200	SAS	ITU	female
HG04202	SAS	ITU	female
HG04206	SAS	ITU	male
HG04209	SAS	ITU	female
HG04210	SAS	STU	male
HG04211	SAS	ITU	male
HG04212	SAS	ITU	female
HG04214	SAS	ITU	female
HG04216	SAS	ITU	female
HG04219	SAS	ITU	male
HG04222	SAS	ITU	male
HG04225	SAS	ITU	male
HG04227	SAS	STU	female
HG04229	SAS	STU	male
HG04235	SAS	ITU	male
HG04238	SAS	ITU	male
HG04239	SAS	ITU	male
NA06984	EUR	CEU	male
NA06985	EUR	CEU	female
NA06986	EUR	CEU	male
NA06989	EUR	CEU	female
NA06994	EUR	CEU	male
NA07000	EUR	CEU	female
NA07037	EUR	CEU	female
NA07048	EUR	CEU	male
NA07051	EUR	CEU	male
NA07056	EUR	CEU	female
NA07347	EUR	CEU	male
NA07357	EUR	CEU	male
NA10847	EUR	CEU	female
NA10851	EUR	CEU	male
NA11829	EUR	CEU	male
NA11830	EUR	CEU	female
NA11831	EUR	CEU	male
NA11832	EUR	CEU	female
NA11840	EUR	CEU	female
NA11843	EUR	CEU	male
NA11881	EUR	CEU	male
NA11892	EUR	CEU	female
NA11893	EUR	CEU	male
NA11894	EUR	CEU	female
NA11918	EUR	CEU	female
NA11919	EUR	CEU	male
NA11920	EUR	CEU	female
NA11930	EUR	CEU	male
NA11931	EUR	CEU	female
NA11932	EUR	CEU	male
NA11933	EUR	CEU	female
NA11992	EUR	CEU	male
NA11994	EUR	CEU	male
NA11995	EUR	CEU	female
NA12003	EUR	CEU	male
NA12004	EUR	CEU	female
NA12005	EUR	CEU	male
NA12006	EUR	CEU	female
NA12043	EUR	CEU	male
NA12044	EUR	CEU	female
NA12045	EUR	CEU	male
NA12046	EUR	CEU	female
NA12058	EUR	CEU	female
NA12144	EUR	CEU	male
NA12154	EUR	CEU	male
NA12155	EUR	CEU	male
NA12156	EUR	CEU	female
NA12234	EUR	CEU	female
NA12249	EUR	CEU	female
NA12272	EUR	CEU	male
NA12273	EUR	CEU	female
NA12275	EUR	CEU	female
NA12282	EUR	CEU	male
NA12283	EUR	CEU	female
NA12286	EUR	CEU	male
NA12287	EUR	CEU	female
NA12340	EUR	CEU	male
NA12341	EUR	CEU	female
NA12342	EUR	CEU	male
NA12347	EUR	CEU	male
NA12348	EUR	CEU	female
NA12383	EUR	CEU	female
NA12399	EUR	CEU	male
NA12400	EUR	CEU	female
NA12413	EUR	CEU	male
NA12414	EUR	CEU	female
NA12489	EUR	CEU	female
NA12546	EUR	CEU	male
NA12716	EUR	CEU	male
NA12717	EUR	CEU	female
NA12718	EUR	CEU	female
NA12748	EUR	CEU	male
NA12749	EUR	CEU	female
NA12750	EUR	CEU	male
NA12751	EUR	CEU	female
NA12760	EUR	CEU	male
NA12761	EUR	CEU	female
NA12762	EUR	CEU	male
NA12763	EUR	CEU	female
NA12775	EUR	CEU	male
NA12776	EUR	CEU	female
NA12777	EUR	CEU	male
NA12778	EUR	CEU	female
NA12812	EUR	CEU	male
NA12813	EUR	CEU	female
NA12814	EUR	CEU	male
NA12815	EUR	CEU	female
NA12827	EUR	CEU	male
NA12828	EUR	CEU	female
NA12829	EUR	CEU	male
NA12830	EUR	CEU	female
NA12842	EUR	CEU	male
NA12843	EUR	CEU	female
NA12872	EUR	CEU	male
NA12873	EUR	CEU	female
NA12874	EUR	CEU	male
NA12878	EUR	CEU	female
NA12889	EUR	CEU	male
NA12890	EUR	CEU	female
NA18486	AFR	YRI	male
NA18488	AFR	YRI	female
NA18489	AFR	YRI	female
NA18498	AFR	YRI	male
NA18499	AFR	YRI	female
NA18501	AFR	YRI	male
NA18502	AFR	YRI	female
NA18504	AFR	YRI	male
NA18505	AFR	YRI	female
NA18507	AFR	YRI	male
NA18508	AFR	YRI	female
NA18510	AFR	YRI	male
NA18511	AFR	YRI	female
NA18516	AFR	YRI	male
NA18517	AFR	YRI	female
NA18519	AFR	YRI	male
NA18520	AFR	YRI	female
NA18522	AFR	YRI	male
NA18523	AFR	YRI	female
NA18525	EAS	CHB	female
NA18526	EAS	CHB	female
NA18528	EAS	CHB	female
NA18530	EAS	CHB	male
NA18531	EAS	CHB	female
NA18532	EAS	CHB	female
NA18533	EAS	CHB	female
NA18534	EAS	CHB	male
NA18535	EAS	CHB	female
NA18536	EAS	CHB	male
NA18537	EAS	CHB	female
NA18538	EAS	CHB	female
NA18539	EAS	CHB	female
NA18541	EAS	CHB	female
NA18542	EAS	CHB	female
NA18543	EAS	CHB	male
NA18544	EAS	CHB	male
NA18545	EAS	CHB	female
NA18546	EAS	CHB	male
NA18547	EAS	CHB	female
NA18548	EAS	CHB	male
NA18549	EAS	CHB	male
NA18550	EAS	CHB	female
NA18552	EAS	CHB	female
NA18553	EAS	CHB	female
NA18555	EAS	CHB	female
NA18557	EAS	CHB	male
NA18558	EAS	CHB	male
NA18559	EAS	CHB	male
NA18560	EAS	CHB	female
NA18561	EAS	CHB	male
NA18562	EAS	CHB	male
NA18563	EAS	CHB	male
NA18564	EAS	CHB	female
NA18565	EAS	CHB	female
NA18566	EAS	CHB	female
NA18567	EAS	CHB	female
NA18570	EAS	CHB	female
NA18571	EAS	CHB	female
NA18572	EAS	CHB	male
NA18573	EAS	CHB	female
NA18574	EAS	CHB	female
NA18577	EAS	CHB	female
NA18579	EAS	CHB	female
NA18582	EAS	CHB	female
NA18591	EAS	CHB	female
NA18592	EAS	CHB	female
NA18593	EAS	CHB	female
NA18595	EAS	CHB	female
NA18596	EAS	CHB	female
NA18597	EAS	CHB	female
NA18599	EAS	CHB	female
NA18602	EAS	CHB	female
NA18603	EAS	CHB	male
NA18605	EAS	CHB	male
NA18606	EAS	CHB	male
NA18608	EAS	CHB	male
NA18609	EAS	CHB	male
NA18610	EAS	CHB	female
NA18611	EAS	CHB	male
NA18612	EAS	CHB	male
NA18613	EAS	CHB	male
NA18614	EAS	CHB	female
NA18615	EAS	CHB	female
NA18616	EAS	CHB	female
NA18617	EAS	CHB	female
NA18618	EAS	CHB	female
NA18619	EAS	CHB	female
NA18620	EAS	CHB	male
NA18621	EAS	CHB	male
NA18622	EAS	CHB	male
NA18623	EAS	CHB	male
NA18624	EAS	CHB	male
NA18625	EAS	CHB	female
NA18626	EAS	CHB	female
NA18627	EAS	CHB	female
NA18628	EAS	CHB	female
NA18629	EAS	CHB	male
NA18630	EAS	CHB	female
NA18631	EAS	CHB	female
NA18632	EAS	CHB	male
NA18633	EAS	CHB	male
NA18634	EAS	CHB	female
NA18635	EAS	CHB	male
NA18636	EAS	CHB	male
NA18637	EAS	CHB	male
NA18638	EAS	CHB	male
NA18639	EAS	CHB	male
NA18640	EAS	CHB	female
NA18641	EAS	CHB	female
NA18642	EAS	CHB	female
NA18643	EAS	CHB	male
NA18644	EAS	CHB	female
NA18645	EAS	CHB	male
NA18646	EAS	CHB	female
NA18647	EAS	CHB	male
NA18648	EAS	CHB	male
NA18740	EAS	CHB	male
NA18745	EAS	CHB	male
NA18747	EAS	CHB	male
NA18748	EAS	CHB	male
NA18749	EAS	CHB	male
NA18757	EAS	CHB	male
NA18853	AFR	YRI	male
NA18856	AFR	YRI	male
NA18858	AFR	YRI	female
NA18861	AFR	YRI	female
NA18864	AFR	YRI	female
NA18865	AFR	YRI	male
NA18867	AFR	YRI	female
NA18868	AFR	YRI	male
NA18870	AFR	YRI	female
NA18871	AFR	YRI	male
NA18873	AFR	YRI	female
NA18874	AFR	YRI	male
NA18876	AFR	YRI	female
NA18877	AFR	YRI	male
NA18878	AFR	YRI	female
NA18879	AFR	YRI	male
NA18881	AFR	YRI	female
NA18907	AFR	YRI	female
NA18908	AFR	YRI	male
NA18909	AFR	YRI	female
NA18910	AFR	YRI	male
NA18912	AFR	YRI	female
NA18915	AFR	YRI	male
NA18916	AFR	YRI	female
NA18917	AFR	YRI	male
NA18923	AFR	YRI	male
NA18924	AFR	YRI	female
NA18933	AFR	YRI	female
NA18934	AFR	YRI	male
NA18939	EAS	JPT	female
NA18940	EAS	JPT	male
NA18941	EAS	JPT	female
NA18942	EAS	JPT	female
NA18943	EAS	JPT	male
NA18944	EAS	JPT	male
NA18945	EAS	JPT	male
NA18946	EAS	JPT	female
NA18947	EAS	JPT	female
NA18948	EAS	JPT	male
NA18949	EAS	JPT	female
NA18950	EAS	JPT	female
NA18951	EAS	JPT	female
NA18952	EAS	JPT	male
NA18953	EAS	JPT	male
NA18954	EAS	JPT	female
NA18956	EAS	JPT	female
NA18957	EAS	JPT	female
NA18959	EAS	JPT	male
NA18960	EAS	JPT	male
NA18961	EAS	JPT	male
NA18962	EAS	JPT	male
NA18963	EAS	JPT	female
NA18964	EAS	JPT	female
NA18965	EAS	JPT	male
NA18966	EAS	JPT	male
NA18967	EAS	JPT	male
NA18968	EAS	JPT	female
NA18969	EAS	JPT	female
NA18970	EAS	JPT	male
NA18971	EAS	JPT	male
NA18972	EAS	JPT	female
NA18973	EAS	JPT	female
NA18974	EAS	JPT	male
NA18975	EAS	JPT	female
NA18976	EAS	JPT	female
NA18977	EAS	JPT	male
NA18978	EAS	JPT	female
NA18979	EAS	JPT	female
NA18980	EAS	JPT	female
NA18981	EAS	JPT	female
NA18982	EAS	JPT	male
NA18983	EAS	JPT	male
NA18984	EAS	JPT	male
NA18985	EAS	JPT	male
NA18986	EAS	JPT	male
NA18987	EAS	JPT	female
NA18988	EAS	JPT	male
NA18989	EAS	JPT	male
NA18990	EAS	JPT	male
NA18991	EAS	JPT	female
NA18992	EAS	JPT	female
NA18993	EAS	JPT	female
NA18994	EAS	JPT	male
NA18995	EAS	JPT	male
NA18997	EAS	JPT	female
NA18998	EAS	JPT	female
NA18999	EAS	JPT	female
NA19000	EAS	JPT	male
NA19001	EAS	JPT	female
NA19002	EAS	JPT	female
NA19003	EAS	JPT	female
NA19004	EAS	JPT	male
NA19005	EAS	JPT	male
NA19006	EAS	JPT	male
NA19007	EAS	JPT	male
NA19009	EAS	JPT	male
NA19010	EAS	JPT	female
NA19011	EAS	JPT	female
NA19012	EAS	JPT	male
NA19017	AFR	LWK	female
NA19019	AFR	LWK	female
NA19020	AFR	LWK	male
NA19023	AFR	LWK	female
NA19024	AFR	LWK	female
NA19025	AFR	LWK	male
NA19026	AFR	LWK	male
NA19027	AFR	LWK	male
NA19028	AFR	LWK	male
NA19030	AFR	LWK	female
NA19031	AFR	LWK	male
NA19035	AFR	LWK	male
NA19036	AFR	LWK	female
NA19037	AFR	LWK	female
NA19038	AFR	LWK	female
NA19041	AFR	LWK	male
NA19042	AFR	LWK	female
NA19043	AFR	LWK	male
NA19054	EAS	JPT	female
NA19055	EAS	JPT	male
NA19056	EAS	JPT	male
NA19057	EAS	JPT	female
NA19058	EAS	JPT	male
NA19059	EAS	JPT	female
NA19060	EAS	JPT	male
NA19062	EAS	JPT	male
NA19063	EAS	JPT	male
NA19064	EAS	JPT	female
NA19065	EAS	JPT	female
NA19066	EAS	JPT	male
NA19067	EAS	JPT	male
NA19068	EAS	JPT	male
NA19070	EAS	JPT	male
NA19072	EAS	JPT	male
NA19074	EAS	JPT	female
NA19075	EAS	JPT	male
NA19076	EAS	JPT	male
NA19077	EAS	JPT	female
NA19078	EAS	JPT	female
NA19079	EAS	JPT	male
NA19080	EAS	JPT	female
NA19081	EAS	JPT	female
NA19082	EAS	JPT	male
NA19083	EAS	JPT	male
NA19084	EAS	JPT	female
NA19085	EAS	JPT	male
NA19086	EAS	JPT	male
NA19087	EAS	JPT	female
NA19088	EAS	JPT	male
NA19089	EAS	JPT	male
NA19090	EAS	JPT	female
NA19091	EAS	JPT	male
NA19092	AFR	YRI	male
NA19093	AFR	YRI	female
NA19095	AFR	YRI	female
NA19096	AFR	YRI	male
NA19098	AFR	YRI	male
NA19099	AFR	YRI	female
NA19102	AFR	YRI	female
NA19107	AFR	YRI	male
NA19108	AFR	YRI	female
NA19113	AFR	YRI	male
NA19114	AFR	YRI	female
NA19116	AFR	YRI	female
NA19117	AFR	YRI	male
NA19118	AFR	YRI	female
NA19119	AFR	YRI	male
NA19121	AFR	YRI	male
NA19129	AFR	YRI	female
NA19130	AFR	YRI	male
NA19131	AFR	YRI	female
NA19137	AFR	YRI	female
NA19138	AFR	YRI	male
NA19141	AFR	YRI	male
NA19143	AFR	YRI	female
NA19144	AFR	YRI	male
NA19146	AFR	YRI	male
NA19147	AFR	YRI	female
NA19149	AFR	YRI	female
NA19152	AFR	YRI	female
NA19153	AFR	YRI	male
NA19159	AFR	YRI	female
NA19160	AFR	YRI	male
NA19171	AFR	YRI	male
NA19172	AFR	YRI	female
NA19175	AFR	YRI	male
NA19184	AFR	YRI	male
NA19185	AFR	YRI	female
NA19189	AFR	YRI	male
NA19190	AFR	YRI	female
NA19197	AFR	YRI	female
NA19198	AFR	YRI	male
NA19200	AFR	YRI	male
NA19201	AFR	YRI	female
NA19204	AFR	YRI	female
NA19206	AFR	YRI	female
NA19207	AFR	YRI	male
NA19209	AFR	YRI	female
NA19210	AFR	YRI	male
NA19213	AFR	YRI	male
NA19214	AFR	YRI	female
NA19222	AFR	YRI	female
NA19223	AFR	YRI	male
NA19225	AFR	YRI	female
NA19235	AFR	YRI	female
NA19236	AFR	YRI	male
NA19238	AFR	YRI	female
NA19239	AFR	YRI	male
NA19247	AFR	YRI	female
NA19248	AFR	YRI	male
NA19256	AFR	YRI	male
NA19257	AFR	YRI	female
NA19307	AFR	LWK	male
NA19308	AFR	LWK	male
NA19309	AFR	LWK	male
NA19310	AFR	LWK	female
NA19312	AFR	LWK	male
NA19314	AFR	LWK	female
NA19315	AFR	LWK	female
NA19316	AFR	LWK	female
NA19317	AFR	LWK	male
NA19318	AFR	LWK	male
NA19319	AFR	LWK	male
NA19320	AFR	LWK	female
NA19321	AFR	LWK	female
NA19323	AFR	LWK	female
NA19324	AFR	LWK	female
NA19327	AFR	LWK	female
NA19328	AFR	LWK	female
NA19331	AFR	LWK	male
NA19332	AFR	LWK	female
NA19334	AFR	LWK	male
NA19338	AFR	LWK	female
NA19346	AFR	LWK	male
NA19347	AFR	LWK	male
NA19350	AFR	LWK	male
NA19351	AFR	LWK	female
NA19355	AFR	LWK	female
NA19360	AFR	LWK	male
NA19372	AFR	LWK	male
NA19374	AFR	LWK	male
NA19375	AFR	LWK	male
NA19376	AFR	LWK	male
NA19377	AFR	LWK	female
NA19378	AFR	LWK	female
NA19379	AFR	LWK	female
NA19380	AFR	LWK	male
NA19383	AFR	LWK	male
NA19384	AFR	LWK	male
NA19385	AFR	LWK	male
NA19390	AFR	LWK	female
NA19391	AFR	LWK	female
NA19393	AFR	LWK	male
NA19394	AFR	LWK	male
NA19395	AFR	LWK	female
NA19397	AFR	LWK	male
NA19399	AFR	LWK	female
NA19401	AFR	LWK	female
NA19403	AFR	LWK	female
NA19404	AFR	LWK	female
NA19428	AFR	LWK	male
NA19429	AFR	LWK	male
NA19430	AFR	LWK	male
NA19431	AFR	LWK	female
NA19434	AFR	LWK	female
NA19435	AFR	LWK	female
NA19436	AFR	LWK	female
NA19437	AFR	LWK	female
NA19438	AFR	LWK	female
NA19439	AFR	LWK	female
NA19440	AFR	LWK	female
NA19443	AFR	LWK	male
NA19445	AFR	LWK	female
NA19446	AFR	LWK	female
NA19448	AFR	LWK	male
NA19449	AFR	LWK	female
NA19451	AFR	LWK	male
NA19452	AFR	LWK	male
NA19454	AFR	LWK	male
NA19455	AFR	LWK	male
NA19456	AFR	LWK	female
NA19457	AFR	LWK	female
NA19461	AFR	LWK	male
NA19462	AFR	LWK	female
NA19463	AFR	LWK	female
NA19466	AFR	LWK	male
NA19467	AFR	LWK	female
NA19468	AFR	LWK	female
NA19471	AFR	LWK	female
NA19472	AFR	LWK	female
NA19473	AFR	LWK	female
NA19474	AFR	LWK	female
NA19475	AFR	LWK	female
NA19625	AFR	ASW	female
NA19648	AMR	MXL	female
NA19649	AMR	MXL	male
NA19651	AMR	MXL	female
NA19652	AMR	MXL	male
NA19654	AMR	MXL	female
NA19655	AMR	MXL	male
NA19657	AMR	MXL	female
NA19658	AMR	MXL	male
NA19661	AMR	MXL	male
NA19663	AMR	MXL	female
NA19664	AMR	MXL	male
NA19669	AMR	MXL	female
NA19670	AMR	MXL	male
NA19676	AMR	MXL	male
NA19678	AMR	MXL	female
NA19679	AMR	MXL	male
NA19681	AMR	MXL	female
NA19682	AMR	MXL	male
NA19684	AMR	MXL	female
NA19700	AFR	ASW	male
NA19701	AFR	ASW	female
NA19703	AFR	ASW	male
NA19704	AFR	ASW	female
NA19707	AFR	ASW	female
NA19711	AFR	ASW	male
NA19712	AFR	ASW	female
NA19713	AFR	ASW	female
NA19716	AMR	MXL	female
NA19717	AMR	MXL	male
NA19719	AMR	MXL	female
NA19720	AMR	MXL	male
NA19722	AMR	MXL	female
NA19723	AMR	MXL	male
NA19725	AMR	MXL	female
NA19726	AMR	MXL	male
NA19728	AMR	MXL	female
NA19729	AMR	MXL	male
NA19731	AMR	MXL	female
NA19732	AMR	MXL	male
NA19734	AMR	MXL	female
NA19735	AMR	MXL	male
NA19740	AMR	MXL	female
NA19741	AMR	MXL	male
NA19746	AMR	MXL	female
NA19747	AMR	MXL	male
NA19749	AMR	MXL	female
NA19750	AMR	MXL	male
NA19752	AMR	MXL	female
NA19755	AMR	MXL	female
NA19756	AMR	MXL	male
NA19758	AMR	MXL	female
NA19759	AMR	MXL	male
NA19761	AMR	MXL	female
NA19762	AMR	MXL	male
NA19764	AMR	MXL	female
NA19770	AMR	MXL	female
NA19771	AMR	MXL	male
NA19773	AMR	MXL	female
NA19774	AMR	MXL	male
NA19776	AMR	MXL	female
NA19777	AMR	MXL	male
NA19779	AMR	MXL	female
NA19780	AMR	MXL	male
NA19782	AMR	MXL	female
NA19783	AMR	MXL	male
NA19785	AMR	MXL	female
NA19786	AMR	MXL	male
NA19788	AMR	MXL	female
NA19789	AMR	MXL	male
NA19792	AMR	MXL	male
NA19794	AMR	MXL	female
NA19795	AMR	MXL	male
NA19818	AFR	ASW	male
NA19819	AFR	ASW	female
NA19834	AFR	ASW	male
NA19835	AFR	ASW	female
NA19900	AFR	ASW	male
NA19901	AFR	ASW	female
NA19904	AFR	ASW	male
NA19908	AFR	ASW	male
NA19909	AFR	ASW	female
NA19913	AFR	ASW	female
NA19914	AFR	ASW	female
NA19916	AFR	ASW	male
NA19917	AFR	ASW	female
NA19920	AFR	ASW	male
NA19921	AFR	ASW	female
NA19922	AFR	ASW	male
NA19923	AFR	ASW	female
NA19982	AFR	ASW	male
NA19984	AFR	ASW	male
NA20126	AFR	ASW	male
NA20127	AFR	ASW	female
NA20274	AFR	ASW	female
NA20276	AFR	ASW	female
NA20278	AFR	ASW	male
NA20281	AFR	ASW	male
NA20282	AFR	ASW	female
NA20287	AFR	ASW	female
NA20289	AFR	ASW	female
NA20291	AFR	ASW	male
NA20294	AFR	ASW	female
NA20296	AFR	ASW	female
NA20298	AFR	ASW	male
NA20299	AFR	ASW	female
NA20314	AFR	ASW	female
NA20317	AFR	ASW	female
NA20318	AFR	ASW	male
NA20320	AFR	ASW	female
NA20321	AFR	ASW	female
NA20332	AFR	ASW	female
NA20334	AFR	ASW	female
NA20339	AFR	ASW	female
NA20340	AFR	ASW	male
NA20342	AFR	ASW	male
NA20346	AFR	ASW	male
NA20348	AFR	ASW	male
NA20351	AFR	ASW	male
NA20355	AFR	ASW	female
NA20356	AFR	ASW	male
NA20357	AFR	ASW	female
NA20359	AFR	ASW	female
NA20362	AFR	ASW	male
NA20412	AFR	ASW	female
NA20502	EUR	TSI	female
NA20503	EUR	TSI	female
NA20504	EUR	TSI	female
NA20505	EUR	TSI	female
NA20506	EUR	TSI	female
NA20507	EUR	TSI	female
NA20508	EUR	TSI	female
NA20509	EUR	TSI	male
NA20510	EUR	TSI	male
NA20511	EUR	TSI	male
NA20512	EUR	TSI	male
NA20513	EUR	TSI	male
NA20514	EUR	TSI	female
NA20515	EUR	TSI	male
NA20516	EUR	TSI	male
NA20517	EUR	TSI	female
NA20518	EUR	TSI	male
NA20519	EUR	TSI	male
NA20520	EUR	TSI	male
NA20521	EUR	TSI	male
NA20522	EUR	TSI	female
NA20524	EUR	TSI	male
NA20525	EUR	TSI	male
NA20527	EUR	TSI	male
NA20528	EUR	TSI	male
NA20529	EUR	TSI	female
NA20530	EUR	TSI	female
NA20531	EUR	TSI	female
NA20532	EUR	TSI	male
NA20533	EUR	TSI	female
NA20534	EUR	TSI	male
NA20535	EUR	TSI	female
NA20536	EUR	TSI	male
NA20538	EUR	TSI	male
NA20539	EUR	TSI	male
NA20540	EUR	TSI	female
NA20541	EUR	TSI	female
NA20542	EUR	TSI	female
NA20543	EUR	TSI	male
NA20544	EUR	TSI	male
NA20581	EUR	TSI	male
NA20582	EUR	TSI	female
NA20585	EUR	TSI	female
NA20586	EUR	TSI	male
NA20587	EUR	TSI	female
NA20588	EUR	TSI	male
NA20589	EUR	TSI	female
NA20752	EUR	TSI	male
NA20753	EUR	TSI	female
NA20754	EUR	TSI	male
NA20755	EUR	TSI	male
NA20756	EUR	TSI	female
NA20757	EUR	TSI	female
NA20758	EUR	TSI	male
NA20759	EUR	TSI	male
NA20760	EUR	TSI	female
NA20761	EUR	TSI	female
NA20762	EUR	TSI	male
NA20763	EUR	TSI	male
NA20764	EUR	TSI	female
NA20765	EUR	TSI	male
NA20766	EUR	TSI	female
NA20767	EUR	TSI	male
NA20768	EUR	TSI	female
NA20769	EUR	TSI	female
NA20770	EUR	TSI	male
NA20771	EUR	TSI	female
NA20772	EUR	TSI	female
NA20773	EUR	TSI	female
NA20774	EUR	TSI	female
NA20775	EUR	TSI	female
NA20778	EUR	TSI	male
NA20783	EUR	TSI	male
NA20785	EUR	TSI	male
NA20786	EUR	TSI	female
NA20787	EUR	TSI	male
NA20790	EUR	TSI	female
NA20792	EUR	TSI	male
NA20795	EUR	TSI	female
NA20796	EUR	TSI	male
NA20797	EUR	TSI	female
NA20798	EUR	TSI	male
NA20799	EUR	TSI	female
NA20800	EUR	TSI	female
NA20801	EUR	TSI	male
NA20802	EUR	TSI	female
NA20803	EUR	TSI	male
NA20804	EUR	TSI	female
NA20805	EUR	TSI	male
NA20806	EUR	TSI	male
NA20807	EUR	TSI	female
NA20808	EUR	TSI	female
NA20809	EUR	TSI	male
NA20810	EUR	TSI	male
NA20811	EUR	TSI	male
NA20812	EUR	TSI	male
NA20813	EUR	TSI	female
NA20814	EUR	TSI	male
NA20815	EUR	TSI	male
NA20818	EUR	TSI	female
NA20819	EUR	TSI	female
NA20821	EUR	TSI	female
NA20822	EUR	TSI	female
NA20826	EUR	TSI	female
NA20827	EUR	TSI	male
NA20828	EUR	TSI	female
NA20832	EUR	TSI	female
NA20845	SAS	GIH	male
NA20846	SAS	GIH	male
NA20847	SAS	GIH	female
NA20849	SAS	GIH	female
NA20850	SAS	GIH	male
NA20851	SAS	GIH	female
NA20852	SAS	GIH	male
NA20853	SAS	GIH	female
NA20854	SAS	GIH	female
NA20856	SAS	GIH	female
NA20858	SAS	GIH	male
NA20859	SAS	GIH	female
NA20861	SAS	GIH	male
NA20862	SAS	GIH	female
NA20863	SAS	GIH	male
NA20864	SAS	GIH	male
NA20866	SAS	GIH	male
NA20867	SAS	GIH	male
NA20868	SAS	GIH	female
NA20869	SAS	GIH	female
NA20870	SAS	GIH	male
NA20872	SAS	GIH	female
NA20874	SAS	GIH	female
NA20875	SAS	GIH	female
NA20876	SAS	GIH	female
NA20877	SAS	GIH	female
NA20878	SAS	GIH	female
NA20881	SAS	GIH	female
NA20882	SAS	GIH	female
NA20884	SAS	GIH	male
NA20885	SAS	GIH	male
NA20886	SAS	GIH	female
NA20887	SAS	GIH	male
NA20888	SAS	GIH	female
NA20889	SAS	GIH	male
NA20890	SAS	GIH	male
NA20891	SAS	GIH	male
NA20892	SAS	GIH	female
NA20894	SAS	GIH	female
NA20895	SAS	GIH	male
NA20896	SAS	GIH	female
NA20897	SAS	GIH	male
NA20899	SAS	GIH	female
NA20900	SAS	GIH	female
NA20901	SAS	GIH	male
NA20902	SAS	GIH	female
NA20903	SAS	GIH	male
NA20904	SAS	GIH	male
NA20905	SAS	GIH	male
NA20906	SAS	GIH	female
NA20908	SAS	GIH	female
NA20910	SAS	GIH	female
NA20911	SAS	GIH	male
NA21086	SAS	GIH	female
NA21087	SAS	GIH	male
NA21088	SAS	GIH	female
NA21089	SAS	GIH	female
NA21090	SAS	GIH	male
NA21091	SAS	GIH	male
NA21092	SAS	GIH	male
NA21093	SAS	GIH	male
NA21094	SAS	GIH	male
NA21095	SAS	GIH	male
NA21097	SAS	GIH	female
NA21098	SAS	GIH	male
NA21099	SAS	GIH	male
NA21100	SAS	GIH	male
NA21101	SAS	GIH	female
NA21102	SAS	GIH	female
NA21103	SAS	GIH	female
NA21104	SAS	GIH	male
NA21105	SAS	GIH	male
NA21106	SAS	GIH	female
NA21107	SAS	GIH	male
NA21108	SAS	GIH	female
NA21109	SAS	GIH	male
NA21110	SAS	GIH	female
NA21111	SAS	GIH	male
NA21112	SAS	GIH	male
NA21113	SAS	GIH	male
NA21114	SAS	GIH	male
NA21115	SAS	GIH	male
NA21116	SAS	GIH	male
NA21117	SAS	GIH	male
NA21118	SAS	GIH	male
NA21119	SAS	GIH	male
NA21120	SAS	GIH	female
NA21122	SAS	GIH	female
NA21123	SAS	GIH	male
NA21124	SAS	GIH	male
NA21125	SAS	GIH	female
NA21126	SAS	GIH	male
NA21127	SAS	GIH	male
NA21128	SAS	GIH	male
NA21129	SAS	GIH	male
NA21130	SAS	GIH	male
NA21133	SAS	GIH	male
NA21135	SAS	GIH	male
NA21137	SAS	GIH	female
NA21141	SAS	GIH	female
NA21142	SAS	GIH	female
NA21143	SAS	GIH	female
NA21144	SAS	GIH	female
